4.620894550890983332e+00,-2.162137178878836163e+00,0.000000000000000000e+00
2.082957769973072804e+00,2.146429546671479116e+00,0.000000000000000000e+00
1.526321173579356927e+00,1.478805261114216840e+00,0.000000000000000000e+00
1.827861919375425526e+00,2.197286378432363740e+00,1.000000000000000000e+00
2.202959440069429231e+00,1.933936590889232088e+00,1.000000000000000000e+00
2.332056813577549903e+00,2.381780195077993767e+00,0.000000000000000000e+00
1.799805586234148214e+00,2.115149848447555936e+00,1.000000000000000000e+00
1.944917562876663508e+00,1.830469837727555671e+00,1.000000000000000000e+00
2.464856183185439420e+00,2.565630481365850368e+00,1.000000000000000000e+00
2.060777140694328935e+00,2.194763911523024191e+00,0.000000000000000000e+00
2.622124736625684349e+00,2.615288486761100373e+00,1.000000000000000000e+00
1.585356064835317103e+00,1.727176235449698893e+00,0.000000000000000000e+00
1.791430009869914297e+00,1.446913330347705084e+00,1.000000000000000000e+00
1.074516197550620111e+00,-1.843814532546647955e+00,0.000000000000000000e+00
2.279629705106567261e+00,2.179700950729445363e+00,1.000000000000000000e+00
1.721003752273015275e+00,1.403610353151411694e+00,0.000000000000000000e+00
1.703709432255626766e+00,-1.565804047730749549e+00,1.000000000000000000e+00
1.401995770938517794e+00,1.376959238638478356e+00,1.000000000000000000e+00
1.964878562698030295e+00,2.045493987018414117e+00,1.000000000000000000e+00
8.573746105230968251e-01,-1.645873650774622110e+00,0.000000000000000000e+00
3.026082390903827246e+00,2.763642847055971963e+00,1.000000000000000000e+00
1.913349810262157558e+00,1.805130218833294720e+00,0.000000000000000000e+00
1.620972711839304692e+00,1.567977041390191228e+00,1.000000000000000000e+00
2.648229777972643362e+00,2.474638481694635850e+00,0.000000000000000000e+00
2.063042243131123055e+00,2.040708476122139015e+00,1.000000000000000000e+00
1.721616618456082382e+00,1.586242684074711251e+00,1.000000000000000000e+00
1.553789958477624911e+00,2.115214639801800800e+00,1.000000000000000000e+00
2.072355803990518996e+00,2.212869892822435069e+00,0.000000000000000000e+00
5.971911632391211366e-01,-1.390904634003198082e+00,0.000000000000000000e+00
2.545898949274251422e+00,3.049499335734587202e+00,1.000000000000000000e+00
1.954684029591613692e+00,2.363598528918680941e+00,1.000000000000000000e+00
2.105703579298572770e+00,2.434111808653322662e+00,0.000000000000000000e+00
2.916429558271637301e+00,2.631527774493844785e+00,0.000000000000000000e+00
1.846802172057032898e+00,2.211930072088203136e+00,1.000000000000000000e+00
1.899886985892336622e+00,2.510534372444404916e+00,1.000000000000000000e+00
2.137617484013407232e+00,2.015508674176925030e+00,0.000000000000000000e+00
1.633161485645359123e+00,1.262814377201729510e+00,1.000000000000000000e+00
2.502424078100302651e+00,2.652592829193070045e+00,1.000000000000000000e+00
1.614121776186999924e+00,1.717892017682234096e+00,0.000000000000000000e+00
2.260302905731443879e+00,1.878963411996922961e+00,0.000000000000000000e+00
1.754067479753411263e+00,-1.384698861098662137e+00,0.000000000000000000e+00
2.130542580502720718e+00,2.116592523312671226e+00,1.000000000000000000e+00
2.569506165874098524e+00,-2.525968118938818119e+00,0.000000000000000000e+00
1.511481371616174796e+00,-1.853605404158226611e+00,0.000000000000000000e+00
1.826431675946082134e+00,1.201376324546427510e+00,1.000000000000000000e+00
1.931436990973313561e+00,-1.634451538352161171e+00,0.000000000000000000e+00
1.724322485833437835e+00,1.821968107676255055e+00,1.000000000000000000e+00
2.163765925048826144e+00,1.972017394185509254e+00,1.000000000000000000e+00
2.634911425914762795e+00,2.874416052810742528e+00,1.000000000000000000e+00
1.785610569607041676e+00,2.039635733988845789e+00,1.000000000000000000e+00
1.720768714458806636e+00,1.916589740945760401e+00,1.000000000000000000e+00
2.656836582953332471e+00,-2.645124468783666583e+00,0.000000000000000000e+00
2.242045613708926410e+00,1.613836343573473497e+00,1.000000000000000000e+00
1.899262223555991280e+00,1.996246297727282348e+00,1.000000000000000000e+00
1.789766478855478571e+00,1.526995923591685900e+00,1.000000000000000000e+00
1.578634275329232839e+00,1.712587603845501238e+00,1.000000000000000000e+00
2.323964367172726586e+00,2.118033002846037682e+00,1.000000000000000000e+00
1.876614234183559660e+00,2.368673636618010114e+00,0.000000000000000000e+00
2.001628627193313914e+00,1.846332321125098819e+00,1.000000000000000000e+00
1.844853908151709021e+00,2.236393334599253269e+00,0.000000000000000000e+00
1.994249852317472982e+00,1.913052022268631580e+00,0.000000000000000000e+00
1.988018462734931546e+00,1.940853814685279621e+00,1.000000000000000000e+00
2.734996333307817551e+00,2.972041013871908000e+00,1.000000000000000000e+00
2.834024125643732184e+00,3.119982863045730248e+00,1.000000000000000000e+00
2.050789276329621824e+00,2.349729408544884102e+00,1.000000000000000000e+00
2.716233438320371896e+00,2.383345130945110135e+00,0.000000000000000000e+00
1.534046994602554559e+00,1.189272942177543202e+00,0.000000000000000000e+00
2.450831126429233287e+00,1.867840582362694901e+00,1.000000000000000000e+00
1.643297784418277230e+00,-2.143950324406976193e+00,0.000000000000000000e+00
2.905529507259111188e+00,-1.936543199119397984e+00,1.000000000000000000e+00
2.416347702065352987e+00,2.110757715978590188e+00,1.000000000000000000e+00
2.025113767188640335e+00,1.490461944718170173e+00,1.000000000000000000e+00
1.904058509585738079e+00,1.932972774812729888e+00,1.000000000000000000e+00
1.733278052046085538e+00,1.770989868782694598e+00,1.000000000000000000e+00
2.248488152140375007e+00,2.501329533926733184e+00,1.000000000000000000e+00
2.078570378755239201e+00,1.893017277831077205e+00,0.000000000000000000e+00
1.801810851523785617e+00,1.959475182380900904e+00,0.000000000000000000e+00
2.734163511282732717e+00,-2.083972578190127045e+00,0.000000000000000000e+00
3.202238324059599073e+00,-2.272056531613428021e+00,0.000000000000000000e+00
2.963623995419299995e+00,-2.354440221929815280e+00,1.000000000000000000e+00
2.202779237507933363e+00,1.930209755615106548e+00,1.000000000000000000e+00
2.648340577384372008e+00,2.518177581321506153e+00,1.000000000000000000e+00
2.614947707296171764e+00,2.452878119977753180e+00,1.000000000000000000e+00
2.424318777345381370e+00,-1.761953556367662266e+00,0.000000000000000000e+00
2.763468998609821092e+00,2.820978875564009503e+00,1.000000000000000000e+00
2.029402130169649432e+00,-1.658815184554095712e+00,0.000000000000000000e+00
2.089722014013989604e+00,1.841428958926119686e+00,1.000000000000000000e+00
1.826483466434384306e+00,-1.882341478537564283e+00,1.000000000000000000e+00
1.834990941809021336e+00,1.477764153939976399e+00,1.000000000000000000e+00
2.126558543300149484e+00,2.128440747381432185e+00,1.000000000000000000e+00
1.632689076901390202e+00,-2.528699718676467256e+00,1.000000000000000000e+00
1.946732017328646425e+00,2.130921659118361511e+00,1.000000000000000000e+00
2.037276764989338407e+00,2.402458633570561553e+00,1.000000000000000000e+00
2.437772122402511066e+00,1.993907593459005367e+00,1.000000000000000000e+00
2.448162990120619220e+00,2.300734472537811381e+00,1.000000000000000000e+00
2.821771624175548165e+00,3.089608351533679187e+00,1.000000000000000000e+00
2.526892070522323230e+00,2.470232154455812346e+00,1.000000000000000000e+00
2.717657206492723354e+00,2.529332278045083093e+00,1.000000000000000000e+00
2.067257345954546022e+00,2.266860641600925597e+00,1.000000000000000000e+00
1.590061548510009359e+00,1.621605635324035788e+00,0.000000000000000000e+00
